cityCode,cityName, center code,Center name, Address,doctorCount,category, Contact number,longitude,latitude,Opening Time,Closing Time,Rush Time Start,Rush Time End,Number of Appointments,Doctor Name,Disease
11,DELHI/NCR,AY19,Dev Nagar (Ayurvedic),"Double Storey Qtrs.No.141 Block No.12, (Opposite Mother Dairy) Dev Nagar, New Delhi-5.",2,ayurvedic,25860275,77.18402863,28.654448,7:00 AM,7:00 PM,8:00 AM,10:00 AM,50,Dr. Sharma,Hypertension
11,DELHI/NCR,AY40,AYURVEDIC WC JUNG PURA,"Q.No.46, 48, 50, 52, 56, Block No. 8, Jangpura, New Delhi",2,ayurvedic,011-24312213,77.24526215,28.582367,8:00 AM,8:00 PM,9:00 AM,11:00 AM,60,Dr. Patel,Diabetes
11,DELHI/NCR,D26,Tilak Nagar,"Tilak Nagar Near Subzi Mandi, New Delhi-18",6,alopathic,25998900,77.09846497,28.638773,6:30 AM,6:30 PM,7:30 AM,9:30 AM,40,Dr. Gupta,Asthma
11,DELHI/NCR,D37,Sriniwas Puri,"CGHS  Wellness Centre Building, Srinivaspuri, New Delhi.",6,alopathic,011-26910251,77.25615692,28.564219,9:00 AM,9:00 PM,10:00 AM,12:00 PM,70,Dr. Verma,Cold
11,DELHI/NCR,D44,Dr. Zakir Hussain Road,"CGHS Building, Dr. Zakir Hussain Road, New Dehli",6,alopathic,23383724,77.23468018,28.605564,7:00 AM,7:30 PM,8:30 AM,10:30 AM,45,Dr. Mishra,Arthritis
11,DELHI/NCR,D5,Paharganj,"3 & 4, Chitra Gupta Road, New Delhi",4,alopathic,23587511 23561574,77.2093811,28.64533,8:30 AM,8:30 PM,9:00 AM,11:00 AM,55,Dr. Mehta,Hypertension
11,DELHI/NCR,D53,Rajouri Garden,"Near Tagore Garden Bus Stand, Delhi-27",4,alopathic,25171213,77.11227417,28.645285,7:30 AM,7:30 PM,8:00 AM,10:00 AM,60,Dr. Kapoor,Back Pain
11,DELHI/NCR,D58,Nangal Raya,"D-Block, Janakpuri, Nangal Raya, New Delhi-46",6,alopathic,28521863,77.09876251,28.611599,6:00 AM,6:00 PM,7:00 AM,9:00 AM,50,Dr. Kumar,Weight Loss
11,DELHI/NCR,D65,M.B. Road,"CGHS Wellness Centre Building, Sector – 1, M.B. Road, N. Delhi",8,alopathic,011-29564988,77.22093201,28.523499,7:00 AM,7:00 PM,8:30 AM,10:30 AM,65,Dr. Agarwal,Stress
11,DELHI/NCR,D66,Palam Colony,"CGHS Wellness Centre Palam Colony, New Delhi-46",7,alopathic,25035839,77.08592987,28.590113,8:00 AM,8:00 PM,9:00 AM,11:00 AM,55,Dr. Joshi,Diabetes
11,DELHI/NCR,D97,Indirapuram,"Flat No. 01-05, Sharda Tower, Sec-4 Vaishali, Ghaziabad-UP-201010)",7,alopathic,0120-2770973,77.33979797,28.649866,9:00 AM,9:00 PM,10:30 AM,12:30 PM,70,Dr. Singh,Hypertension
11,DELHI/NCR,HO26,Tilak Nagar (Homeo),"Tilak Nagar, Near Subzi Mandi, New Delhi-18",2,homeo,25998900,77.09831238,28.638943,6:30 AM,6:30 PM,7:30 AM,9:30 AM,40,Dr. Reddy,Asthma
11,DELHI/NCR,HO48,Hari Nagar (Homeo),"CGHS Hari Nagar, Near DTC Depot, Hari Nagar, New Delhi-64",1,homeo,28125518,77.10641479,28.624872,8:00 AM,8:00 PM,9:00 AM,11:00 AM,50,Dr. Desai,Cold
11,DELHI/NCR,HO49,HOMEOPATHIC WC SHAHDRA,,2,homeo,,77.29935455,28.681932,7:00 AM,7:00 PM,8:30 AM,10:30 AM,45,Dr. Bhatia,Arthritis
11,DELHI/NCR,HO78,HOMEOPATHIC WC PUSHP VIHAR,"A-B/ 125,126,127 – Sector-IV , Pusp Vihar, New Delhi",2,homeo,011-29563193,77.22743988,28.523434,8:30 AM,8:30 PM,9:30 AM,11:30 AM,60,Dr. Sharma,Weight Loss
11,DELHI/NCR,UN49,Shahdara Unani,"CGHS Wellness Centre No. 49, Mansarovar Park, Shahdara (Near DDA Flats), Delhi-110032",3,unani,011-22583766,77.29879761,28.680838,7:30 AM,7:30 PM,8:00 AM,10:00 AM,55,Dr. S. Kumar,Stress
135,DHERADUN,DD2,P & T Wellness Centre,"P & T Colony, Chukhuwala, Chakrata Road Dehradun (Uttarakhand).",2,alopathic,0135-2653166,78.01203918,30.310898,7:00 AM,7:00 PM,8:30 AM,10:30 AM,60,Dr. Patel,Hypertension
141,JAIPUR,JA7,VIDHYADHAR NAGAR,"Custom & Central Excise Colony, Vidhyadhar Nagar, Jaipur",5,alopathic,0141-2335850,75.78572083,26.966885,8:00 AM,8:00 PM,9:30 AM,11:30 AM,70,Dr. Gupta,Back Pain
20,PUNE,PU01,Akurdi,"GPRA QuarterNo.4/182,Central Govt. Colony Sector No.26,Pradhikaran,Akurdi, Pune – 411 044.",4,alopathic,020-27640130,73.76499939,18.651558,6:30 AM,6:30 PM,7:30 AM,9:30 AM,45,Dr. Mehta,Asthma
20,PUNE,PU03,Camp,"Chitragupta Complex, Hidayatullah Road, Pune-411 042.",2,alopathic,020-26455163,73.87445831,18.50474,9:00 AM,9:00 PM,10:00 AM,12:00 PM,50,Dr. Joshi,Cold
20,PUNE,PU05,Ganeshkhind Road,"Armament Colony, Ganeshkhind Road, Pune-411 020.",4,alopathic,020-25652045,73.82102966,18.551151,7:30 AM,7:30 PM,8:00 AM,10:00 AM,65,Dr. Agarwal,Arthritis
20,PUNE,PU08,Bajirao Road,"Anandi 1304,Shukrawar Peth,Near Wadia Hospital, Bajirao Road, Pune – 411 002.",3,alopathic,020-24471602,73.87454987,18.55219,8:00 AM,8:00 PM,9:30 AM,11:30 AM,55,Dr. Kapoor,Weight Loss
20,PUNE,PU09,G.T.Road,"6, G.T.Road, Pune-411 001",2,alopathic,020-26360020,73.87970734,18.515316,6:30 AM,6:30 PM,7:30 AM,9:30 AM,60,Dr. Mishra,Stress
22,MUMBAI,MU1,CGO New Marine Lines,"Old CGO Building, M.K. Road, (Pratishtha Bhavan) Mumbai-400 020",14,alopathic,022– 22018799,72.82796478,18.938894,9:00 AM,9:00 PM,10:30 AM,12:30 PM,50,Dr. Reddy,Hypertension
22,MUMBAI,MU17,Bhandup,"Flat No. 321 & 322, Type – IV Cite C, Central Govt. Qrts,Bhandup, Mumbai-400 078",3,alopathic,022–25619655,72.94107819,19.142601,7:00 AM,7:00 PM,8:30 AM,10:30 AM,45,Dr. Mehta,Asthma
22,MUMBAI,MU21,"Sahar, Andheri (W)","P&T Colony, Sahar, Mumbai – 400 029",2,alopathic,022–28210959,72.85985565,19.10255,7:30 AM,7:30 PM,8:00 AM,10:00 AM,55,Dr. Kapoor,Back Pain
22,MUMBAI,MU25,Jogeshwari,"Incometax Colony, Bldg No. 10-12, Jogeshwari (E), Mumbai – 400 062",1,alopathic,022–28210948,72.8575592,19.08297,8:30 AM,8:30 PM,9:00 AM,11:00 AM,60,Dr. Agarwal,Diabetes
22,MUMBAI,MU9,CLI Sion,"Central Labour Inst. Premises, Trombay Road,(Sion), Mumbai-400 022.",2,alopathic,022–24081616,72.86677551,19.04969,9:00 AM,9:00 PM,10:00 AM,12:00 PM,70,Dr. Singh,Weight Loss
33,KOLKATA,KO16,Salt Lake EB,Qrts. Nos. 81 & 82 Type CKolkata – 700064.,3,alopathic,23344849,88.4071579,22.586054,7:00 AM,7:00 PM,8:30 AM,10:30 AM,55,Dr. Joshi,Stress
33,KOLKATA,KO18,Salt Lake IC,"I C Block CGHS Complex, Type (IV) Qrts. Nos. 1 & 2, Sector-I, Salt Lake, Kolkata – 700106.   (Near Tank No -14)",10,alopathic,23353427,88.41448212,22.571302,8:00 AM,8:00 PM,9:30 AM,11:30 AM,60,Dr. Sharma,Hypertension
33,KOLKATA,KO5,Shyambazar,"7-A Kalachand Sanyal Lane,  Kolkata – 700004.     (Opposite to Shyambazar Tram Depot)",3,alopathic,25556385,88.37348938,22.599861,7:00 AM,7:00 PM,8:30 AM,10:30 AM,45,Dr. Bhatia,Back Pain
3592,GANGTOK,GK1,Gangtok,,1,alopathic,,88.60646057,27.344988,6:30 AM,6:30 PM,7:30 AM,9:30 AM,50,Dr. Gupta,Cold
361,GUWAHATI,GT1,Hengrabari,"Shankardev Nagar,Near Housing Colony,Hengrabari,Guwahati-781006",9,alopathic,0361-2269743+919435195800,94.09190369,25.665863,9:00 AM,9:00 PM,10:00 AM,12:00 PM,60,Dr. Mehta,Asthma
361,GUWAHATI,GT2,Narengi,"Mrs.Jonali Kalita,W/o Dr. Hiren Kalita, 1 No Madgharia, Narengi,Tiniali,Guwahati-781026",3,alopathic,9.20E+11,91.82079315,26.175413,8:30 AM,8:30 PM,9:30 AM,11:30 AM,55,Dr. Joshi,Arthritis
40,HYDERABAD,HY1,Charminar,"22-1-951 Noor Khan Bazaar, Hyderabad",3,alopathic,040-24525415,78.48617554,17.373007,7:00 AM,7:00 PM,8:00 AM,10:00 AM,50,Dr. Agarwal,Weight Loss
40,HYDERABAD,HY12,Dilsukhnagar,"H.No.11-7-205(4/A), HUDA Colony, Saroor Ngr, Hyderabad-500035",4,alopathic,040-24046333,78.58509827,17.363522,7:30 AM,7:30 PM,8:30 AM,10:30 AM,60,Dr. Reddy,Stress
40,HYDERABAD,HY7,Malakpet,"H.No.16-3-994/1/A/1, Opp.Officers Mess, New Malakpet, Hyderabad-500036",5,alopathic,040-27529090,78.50112152,17.371193,6:00 AM,6:00 PM,7:30 AM,9:30 AM,45,Dr. Patel,Hypertension
40,HYDERABAD,HY9,Alwal,"Pempala Towers, Old Alwal, Secunderabad",5,alopathic,040-27972563,78.5062027,17.50906,8:00 AM,8:00 PM,9:00 AM,11:00 AM,55,Dr. Mehta,Back Pain
44,CHENNAI,CH03,AVADI,Heavy Vehicles Factory Complex Avadi ,6,alopathic,044-23458403,80.10611725,13.1238575,9:00 AM,9:00 PM,10:00 AM,12:00 PM,60,Dr. Singh,Diabetes
44,CHENNAI,CH04,GOPALAPURAM,No 1  1st Street Gopalapuram Chennai,3,alopathic,044-23458404,80.26151276,13.04461,7:00 AM,7:00 PM,8:00 AM,10:00 AM,50,Dr. Sharma,Stress
471,TRIVANDRUM,TR2,Sasthamangalam,"TC 9/1580,      ""Mangalya""     Hospital Road, Sasthamangalam Trivandrum-695010",2,alopathic, 0471-2728110,76.94612122,8.533302,6:30 AM,6:30 PM,7:00 AM,9:00 AM,45,Dr. Agarwal,Back Pain
512,KANPUR,KN4,Khapra Mohal,"E-45, Khapra Mohal, Kanpur",2,alopathic,0512-2322924,80.35733795,26.455675,9:00 AM,9:00 PM,10:00 AM,12:00 PM,50,Dr. Mehta,Stress
512,KANPUR,KN6,Raksha Vihar,"Single JCOs Quarter, Raksha Vihar, Shyam Nagar, Kanpur",4,alopathic,0512-2424311,80.36140442,26.422136,7:00 AM,7:00 PM,8:00 AM,10:00 AM,60,Dr. Joshi,Asthma
512,KANPUR,KN7,Pandu Nagar,"117/H-2/28, Pandu Nagar, Kanpur",4,alopathic,0512-2217339,80.29418182,26.472935,8:30 AM,8:30 PM,9:30 AM,11:30 AM,65,Dr. Singh,Cold
522,LUCKNOW,LK7,GOL Market,"1st Flr,P Office Campus, Mahanagar Gol Market, Lucknow 226020",4,alopathic,0522-2321432,80.95939636,26.873436,6:00 AM,6:00 PM,7:30 AM,9:30 AM,55,Dr. Gupta,Hypertension
532,ALLAHABAD,AL03,Kalyani Devi,"1130/1130A Kalyani Devi, Allahabad",2,alopathic,0532-2242530,81.83385468,25.42972,7:30 AM,7:30 PM,8:00 AM,10:00 AM,60,Dr. Sharma,Weight Loss
532,ALLAHABAD,AL04,New Katra,"38 A, Beli Road, New Katra, Allahabad",3,alopathic,0532-2642457,81.85340881,25.47363,8:00 AM,8:00 PM,9:00 AM,11:00 AM,50,Dr. Reddy,Arthritis
532,ALLAHABAD,AL08,CGHS Polyclinic Sangam Place,"2nd Floor, Sangam Place, Civil Lines, Allahabad",7,alopathic,0532-2560578,81.83052063,25.450197,6:30 AM,6:30 PM,7:00 AM,9:00 AM,55,Dr. Mehta,Back Pain
651,RANCHI,RA2,KANTA TOLI,"10 A Deep Villa, Purulia Road, Ranchi, Jharkhand",3,alopathic,0651-2530244,85.34331512,23.364851,9:00 AM,9:00 PM,10:00 AM,12:00 PM,60,Dr. Kapoor,Stress
651,RANCHI,RA3,P and T COLONY LALPUR,"P & T Colony, Lalpur, Ranchi, Jharkhand",2,alopathic,0651-2562333,85.34026337,23.374857,7:00 AM,7:00 PM,8:30 AM,10:30 AM,65,Dr. Agarwal,Asthma
674,BHUBANESHWAR,BH2,KHARAVELA NAGAR,"Kharvel Nagar, Unit-III,Bhubaneswar-751001",2,alopathic,0674-2393545,85.83598328,20.272116,8:30 AM,8:30 PM,9:30 AM,11:30 AM,50,Dr. Singh,Hypertension
731,INDORE,IN1,INDORE1,,2,alopathic,,75.88589478,22.711237,7:30 AM,7:30 PM,8:00 AM,10:00 AM,60,Dr. Sharma,Weight Loss
761,JABALPUR,JB2,I.B.M. Colony,"Qtr. NO. 9-12, Type III, I.B.M. Colony, Kamla Nehru Nagar, Jabalpur",3,alopathic,0761 2416805,79.91046906,23.167952,9:00 AM,9:00 PM,10:30 AM,12:30 PM,55,Dr. Joshi,Back Pain
761,JABALPUR,JB4,Head Post Office,"Head Post Office Compound, Jabalpur",4,alopathic,2629460,79.95515442,23.161499,7:00 AM,7:00 PM,8:00 AM,10:00 AM,50,Dr. Kapoor,Cold
79,AHMEDABAD,AH01,Ashram Road,"1st Floor, S.R.House, Opp. Mount Carmel School,Ashram Road, Ahmedabad.380009",5,alopathic,079 26577393,72.56924438,23.035246,6:30 AM,6:30 PM,7:00 AM,9:00 AM,65,Dr. Gupta,Hypertension
79,AHMEDABAD,AH04,Pragatinagar,"Qtr No. M/49/289-290 Pragatinagar, Ahmedabad",4,alopathic,079 27478393,72.55476379,23.066833,7:30 AM,7:30 PM,8:30 AM,10:30 AM,60,Dr. Mehta,Asthma
79,AHMEDABAD,AH05,Meghaninagar,"Block No. 68/1615 to1620 A. G. Staff Qtrs, Meghaninagar, Ahmedabad",2,alopathic,079 22680487,72.61798096,23.054527,8:00 AM,8:00 PM,9:30 AM,11:30 AM,50,Dr. Agarwal,Stress
79,AHMEDABAD,AHH1,HOMEO ASHRAM ROAD,,1,homeo,,72.5692215,23.035244,9:00 AM,9:00 PM,10:00 AM,12:00 PM,55,Dr. Reddy,Arthritis
80,BENGALURU,BA01,Wellness Center Shivajinagar,"2nd Floor, Ganesh Towers, Infantry Road, Bangalore 560001",7,alopathic,080-25588777,77.60336304,12.980318,6:00 AM,6:00 PM,7:00 AM,9:00 AM,60,Dr. Singh,Back Pain
11,DELHI/NCR,AY3,Delhi Cantt (Ayurvedic),"Sadar Bazar, Delhi Cantt,Near Geeta Asharam,New Delhi-10",2,ayurvedic,25692914,77.12076569,28.589346,8:30 AM,8:30 PM,9:00 AM,11:00 AM,70,Dr. Mehta,Cold
11,DELHI/NCR,AY67,Laxmi Nagar Ayurvedic,"2nd Floor, CGHS Building Laxmi Nagar,   H-Block, Vikas Marg (Near Metro Station),Laxmi Nagar, Delhi-110092",3,ayurvedic,011-22543108/ 22466544,77.27727509,28.630713,7:00 AM,7:00 PM,8:30 AM,10:30 AM,55,Dr. Sharma,Hypertension
11,DELHI/NCR,AY9,AYURVEDIC WC LODHI ROAD I(ALI GANJ),,9,ayurvedic,,77.21893311,28.583834,6:30 AM,6:30 PM,7:30 AM,9:30 AM,65,Dr. Joshi,Weight Loss
11,DELHI/NCR,D17A,VIKAS PURI,"Block-QM, Vikaspuri Police Line, New Delhi-58",10,alopathic,28533441,77.0651474,28.63281,7:30 AM,7:30 PM,8:00 AM,10:00 AM,60,Dr. Kapoor,Asthma
11,DELHI/NCR,D21,Netaji Nagar,"CGHS Wellness Centre Building, Netaji Nagar, New Delhi",4,alopathic,011-24670222,77.18649292,28.572374,8:00 AM,8:00 PM,9:00 AM,11:00 AM,50,Dr. Gupta,Stress
11,DELHI/NCR,D22A,Greater Noida,"P3 Shopping complex, First floor, Greater Noida-201310",7,alopathic,0120-2447126,77.52124023,28.45142,6:00 AM,6:00 PM,7:30 AM,9:30 AM,55,Dr. Mehta,Arthritis
11,DELHI/NCR,D24,KASTURBA NAGAR-I,"CGHS Polyclinic, Kasturba Nagar, New Delhi",4,alopathic,011-24622867,77.22444916,28.577652,9:00 AM,9:00 PM,10:00 AM,12:00 PM,60,Dr. Agarwal,Back Pain
11,DELHI/NCR,D41,Malviya Nagar,"Delhi Senior Secondary School, Malviya Nagar, N.Delhi-110017",5,alopathic,011-26671494,77.2117157,28.53425,7:00 AM,7:00 PM,8:30 AM,10:30 AM,45,Dr. Joshi,Hypertension
11,DELHI/NCR,D42,Kalkaji – I,"CGHS Maternity Centre Building & Disp., Kalkaji, New Delhi",7,alopathic,011-26430851,77.25829315,28.54032,8:30 AM,8:30 PM,9:30 AM,11:30 AM,50,Dr. Reddy,Stress
11,DELHI/NCR,D48,Hari Nagar,"CGHS Hari Nagar, Near DTC Depot, Hari Nagar, New Delhi-64",6,alopathic,28125518,77.10442352,28.624546,7:30 AM,7:30 PM,8:00 AM,10:00 AM,65,Dr. Kapoor,Asthma
11,DELHI/NCR,D49,Shahdara,"CGHS Wellness Centre, Mansarovar Park, Shahdara, Delhi-32",11,alopathic,011-22583766,77.2988205,28.681366,9:00 AM,9:00 PM,10:00 AM,12:00 PM,60,Dr. Mehta,Weight Loss
11,DELHI/NCR,D54,Shakur Basti,"H.N. 2110, Police Chowki Gali, Multhani Mohalla, Rani Bagh, Delhi-56",4,alopathic,27021102,77.11525726,28.689352,7:00 AM,7:00 PM,8:30 AM,10:30 AM,50,Dr. Agarwal,Cold
11,DELHI/NCR,D64,Tri Nagar,"House No. 564, Street No. 37, Onkar Nagar-B Tri Nagar, Delhi-35",2,alopathic,27385025,77.16057587,28.67423,6:30 AM,6:30 PM,7:30 AM,9:30 AM,45,Dr. Singh,Back Pain
11,DELHI/NCR,D70,Faridabad,"CGHS Building, Neighbourhood Township-4, Near Sect 21 B, Faridabad -121001",6,alopathic,0129-2412729,77.29773712,28.405228,8:00 AM,8:00 PM,9:30 AM,11:30 AM,55,Dr. Joshi,Hypertension
11,DELHI/NCR,D76,Kali Bari,"CGHS Building, Udyan Marg, Kali Bari Marg , DIZ Area , New Delhi",7,alopathic,23743142,77.20024872,28.62901,9:00 AM,9:00 PM,10:00 AM,12:00 PM,60,Dr. Mehta,Stress
11,DELHI/NCR,D79,Vivek Vihar,"C-Block, Yojna Vihar, Near Mother Dairy, Delhi-110092",5,alopathic,011-22143551,77.31825256,28.663721,7:00 AM,7:00 PM,8:30 AM,10:30 AM,65,Dr. Agarwal,Asthma
11,DELHI/NCR,D89,Rohini-16,"Shop 4,6,7,8,9 FF, CSC-12, DDA Mkt, D-1,Sect 16 ,Rohini, Delhi-110089",5,alopathic,27894403,77.11965179,28.704538,6:30 AM,6:30 PM,7:30 AM,9:30 AM,50,Dr. Singh,Weight Loss
11,DELHI/NCR,D92,"Gurgaon, Sec-55","Sector-55, Opposite HUDA Market, Gurgaon",11,alopathic,0124-2578235,77.11043549,28.426765,8:30 AM,8:30 PM,9:00 AM,11:00 AM,55,Dr. Joshi,Arthritis
11,DELHI/NCR,D94,Sahibabad,"6/16, Sector 2, New Rajender Nagar, Sahibabad.",5,alopathic,0120-2630066,77.35012817,28.684004,9:00 AM,9:00 PM,10:30 AM,12:30 PM,60,Dr. Kapoor,Back Pain
11,DELHI/NCR,D95,Noida Sec-82,"Community Center I, Kendriya Vihar II, Plot 3, Sec. 82,  Noida201304",7,alopathic,0120-2568899,77.39177704,28.529837,7:30 AM,7:30 PM,8:00 AM,10:00 AM,60,Dr. Mehta,Hypertension
11,DELHI/NCR,HO69,HOMEOPATHIC WC RKP-III,,3,homeo,,77.17884827,28.554304,6:00 AM,6:00 PM,7:30 AM,9:30 AM,45,Dr. Agarwal,Stress
11,DELHI/NCR,HO7,Timarpur Homeopathic,"CGHS Hospital/ Wellness Centre Timarpur, Lucknow Road, Opp. Patrachar Building, Delhi-54",2,homeo,011-23813808,77.22166443,28.706379,8:00 AM,8:00 PM,9:00 AM,11:00 AM,55,Dr. Reddy,Arthritis
11,DELHI/NCR,RML,DR. RML HOSPITAL,,50,alopathic,,77.19872284,28.624563,7:00 AM,7:00 PM,8:30 AM,10:30 AM,60,Dr. Joshi,Cold
121,MEERUT,MR2,Shastri Nagar,"G-Block, Shastri Nagar, Meerut",2,alopathic,0121-2641320,77.7321167,28.95477,9:00 AM,9:00 PM,10:00 AM,12:00 PM,55,Dr. Mehta,Back Pain
121,MEERUT,MR6,Lekha Nagar,"DAD Quarters, Lekha Nagar, Meerut Cantt",2,alopathic,0121-2647895,77.70626068,29.01349,7:30 AM,7:30 PM,8:00 AM,10:00 AM,65,Dr. Agarwal,Stress
141,JAIPUR,JA1,Chaura Rasta,"1st Floor, Chandan Mahal, Chaura Rasta, Jaipur",2,alopathic,0141-2329927,75.82113647,26.918316,6:00 AM,6:00 PM,7:00 AM,9:00 AM,45,Dr. Singh,Weight Loss
141,JAIPUR,JA5,Jyoti Nagar,"Income Tax Colony, Jyoti Nagar, Jaipur",6,alopathic,0141-2743263,75.79559326,26.89531,8:00 AM,8:00 PM,9:30 AM,11:30 AM,50,Dr. Kapoor,Hypertension
22,MUMBAI,MU15,Deonar,"Deonar Post Office Bldg Telecom Factory, Town ship compound, Deonar,Mumbai – 400 088",2,alopathic,022–25512137,72.91854095,19.045315,6:00 AM,6:00 PM,6:30 AM,8:30 AM,47,Dr. Kapoor,Stress
22,MUMBAI,MU20,Kandivali,"D-1/2, Lekha Vihar,Sector 5, Charkop, Kandivli (West),Mumbai – 400 067.",5,alopathic,022–28677353,72.82310486,19.215654,8:15 AM,8:15 PM,9:30 AM,11:30 AM,62,Dr. Agarwal,Hypertension
22,MUMBAI,MU26,Seepz,"Seepz Qtrs Complex, Qtrs. No. C-1, C-2, Andheri (E),Mumbai 400 096.",2,alopathic,022–28365751,72.87551117,19.128706,7:45 AM,7:45 PM,8:15 AM,10:15 AM,54,Dr. Singh,Cold
22,MUMBAI,MU27,Nepean Sea Road,"Hyderabad Estate, N.S. Road, Mumbai – 400 006",1,alopathic,022–23641816,72.80034637,18.956367,9:30 AM,9:30 PM,10:30 AM,12:30 PM,63,Dr. Sharma,Back Pain
33,KOLKATA,KO1,Belvedere,"Flat no. 68, Belvedere Estate, Kolkata – 700 027.(Near Alipore Zoo/Command Hospital)",3,alopathic,24791153,88.34654999,22.52668,7:00 AM,7:00 PM,8:30 AM,10:30 AM,56,Dr. Joshi,Stress
33,KOLKATA,KO13,Airport,"New Quarters,Dum Dum, Kolkata 700052. (Nr. Airport Gate no-1)",5,alopathic,25119442,88.42630005,22.63621,6:45 AM,6:45 PM,7:00 AM,9:00 AM,59,Dr. Mehta,Arthritis
33,KOLKATA,KO2,Lake Area,"Lake Govt. Qrts. Fl. No. 55 & 56 Southern Ave., Kolkata – 700029.     (Near Kamala Girl’s School / Vivekananda Park)",3,alopathic,24661733,88.35822296,22.514097,7:00 AM,7:00 PM,8:00 AM,10:00 AM,61,Dr. Kapoor,Asthma
33,KOLKATA,KO4,Narkeldanga,Flat No. 27 & 28 Narkeldanga Govt. Qrts. Kolkata – 700054.  (Opposite to Phool Bagan Police Station),3,alopathic,23203998,88.39266205,22.573692,8:30 AM,8:30 PM,9:30 AM,11:30 AM,66,Dr. Patel,Weight Loss
361,GUWAHATI,GT5,Beharbari,"A.G. Residential Complex, Beharbari,Guwahati-781029",3,alopathic,7896020538,91.77283478,26.115187,9:00 AM,9:00 PM,10:00 AM,12:00 PM,53,Dr. Kumar,Hypertension
385,IMPHAL,IM1,Imphal,,2,alopathic,,93.95159149,24.797945,6:30 AM,6:30 PM,7:15 AM,9:15 AM,57,Dr. Reddy,Back Pain
40,HYDERABAD,HY2,Humayunnagar,"Sharadanagar Colony, Gudimal Kapur, Hyderabad-500028",5,alopathic,040-23531833,78.43933105,17.38202,7:30 AM,7:30 PM,8:30 AM,10:30 AM,62,Dr. Agarwal,Arthritis
40,HYDERABAD,HY3,Secunderabad,"Ground Floor, CGO Towers, Kavadiguda, Secunderabad",6,alopathic,040-27708898,78.49386597,17.423944,6:15 AM,6:15 PM,7:30 AM,9:30 AM,49,Dr. Sharma,Stress
40,HYDERABAD,HY4,Begumpet,"Kendriya Swasthya Bhavan, Be Gumpet, Hyderabad-500016",6,alopathic,040-27904259,78.47244263,17.445042,8:00 AM,8:00 PM,9:00 AM,11:00 AM,60,Dr. Singh,Asthma
40,HYDERABAD,HY5,Himayatnagar,"Oilseeds Quarters Type-1, Behind Lady Hydri Club, Himayatnagar, Hyderabad-500029",4,alopathic,040-23220454,78.47788239,17.40563,7:45 AM,7:45 PM,8:15 AM,10:15 AM,68,Dr. Joshi,Weight Loss
40,HYDERABAD,HY8,Kanchanbagh,"DRDO Complex Kanchanbagh,Hyderabad-500058",7,alopathic,040-24340299,78.50588226,17.337795,6:30 AM,6:30 PM,7:00 AM,9:00 AM,51,Dr. Kapoor,Back Pain
413,PONDICHERRY,PD1,PUDUCHERRY,,2,alopathic,,79.79619598,11.939653,8:15 AM,8:15 PM,9:30 AM,11:30 AM,55,Dr. Reddy,Hypertension
44,CHENNAI,CH07,MEENAMBAKKAM,DGQA Complex Meenambakkam Chennai ,5,alopathic,044-23458407,80.17644501,12.980883,9:00 AM,9:00 PM,10:00 AM,12:00 PM,63,Dr. Patel,Stress
471,TRIVANDRUM,TR1,Kesavadasapuram,"TC 3/120, Kesavadasapuram, Thiruvananthapuram",5,alopathic,0471-2443452,76.9407196,8.533119,6:45 AM,6:45 PM,7:30 AM,9:30 AM,58,Dr. Sharma,Arthritis
512,KANPUR,KN3,Civil Lines,"15/45 (A&B) Civil Lines, Kanpur",2,alopathic,0512-2306876,80.34627533,26.475863,7:15 AM,7:15 PM,8:00 AM,10:00 AM,64,Dr. Agarwal,Weight Loss
522,LUCKNOW,LK10,AYURVEDIC LUCKNOW,,2,ayurvedic,,80.94749451,26.83356,6:00 AM,6:00 PM,6:30 AM,8:30 AM,60,Dr. Mehta,Asthma
522,LUCKNOW,LK6,Lucknow6,"1/10 Sector A, Sitapur Rd, Aliganj Lucknow 226024",8,alopathic,0522-2745246,80.94458771,26.904528,8:30 AM,8:30 PM,9:30 AM,11:30 AM,62,Dr. Singh,Hypertension
532,ALLAHABAD,AL01,Jawahar Lal Nehru Road,"41, Jawahar Lal Nehru Road, Allahabad",4,alopathic,0532-2468188,81.86323547,25.451668,7:45 AM,7:45 PM,8:15 AM,10:15 AM,59,Dr. Joshi,Stress
532,ALLAHABAD,AL06,Leader Road,"46/38 Leader Road, Allahabad",2,alopathic,0532-403822,81.83309174,25.443272,6:15 AM,6:15 PM,7:00 AM,9:00 AM,55,Dr. Kapoor,Back Pain
532,ALLAHABAD,AL07,Naini,"236/101-C /1 Chok Daud Nagar Near Swadeshi Cotton Mills, Naini, Allahabad",2,alopathic,0532-2697132,81.86972809,25.39662,7:30 AM,7:30 PM,8:30 AM,10:30 AM,61,Dr. Patel,Weight Loss
612,PATNA,PA3,Salimpur Dumra,"Central Revenue Colony, Salimpur Dumra, Ashiana Nagar, Patna",7,alopathic,0612-2582998,85.08421326,25.617695,6:45 AM,6:45 PM,7:15 AM,9:15 AM,50,Dr. Agarwal,Asthma
674,BHUBANESHWAR,BH1,OLD AG COLONY,"Old A.G. Colony, Unit-IV,Bhubaneswar-751001",4,alopathic,0674-2393612,85.82943726,20.279497,8:00 AM,8:00 PM,9:00 AM,11:00 AM,52,Dr. Kumar,Stress
712,NAGPUR,NP1,Katol Road,"CPWD Colony, Katol Road, Nagpur-440013",7,alopathic,0712-2581773,79.06645966,21.169672,7:30 AM,7:30 PM,8:30 AM,10:30 AM,60,Dr. Mehta,Weight Loss
712,NAGPUR,NP2,Civil Lines,"Opposite CBI Quarters, Civil Lines, Nagpur-440001",2,alopathic,0712-2560310,79.0574646,21.158367,6:00 AM,6:00 PM,6:30 AM,8:30 AM,55,Dr. Sharma,Hypertension
712,NAGPUR,NP3,PANCH PAOLI,,3,alopathic,,79.10032654,21.173529,9:15 AM,9:15 PM,10:30 AM,12:30 PM,57,Dr. Joshi,Cold
712,NAGPUR,NP7,Sitabuldi,"Zero Miles, Near RBI Square, Beside Speed Post Office, Nagpur-440001",2,alopathic,0712- 2565169,79.08055115,21.15101,7:45 AM,7:45 PM,8:15 AM,10:15 AM,58,Dr. Singh,Back Pain
712,NAGPUR,NP9,Sakkardara,"Plot No. 470, Chaudhary Bhawan, Near Tiranga Chowk, Sakkardara, Nagpur-440024",3,alopathic,0712- 2749379,79.1163559,21.130936,6:30 AM,6:30 PM,7:00 AM,9:00 AM,54,Dr. Patel,Stress
79,AHMEDABAD,AH09,Maninagar,"1st floor,Ram bag post office,Rambag,Maninagar, Ahmedabad",4,alopathic,079 25467055,72.6010437,22.998863,8:30 AM,8:30 PM,9:30 AM,11:30 AM,64,Dr. Agarwal,Asthma
79,AHMEDABAD,AHA1,AYURVEDIC ASHRAM ROAD,,3,ayurvedic,,72.5692215,23.035265,9:00 AM,9:00 PM,10:00 AM,12:00 PM,66,Dr. Kapoor,Hypertension
80,BENGALURU,BA09,Wellnessd Center Gangenahalli,"No.11, 1st Cross, HGH Layout, Ganganagar, Bangalore-560032",6,alopathic,080 23330320,77.58743286,13.022677,7:15 AM,7:15 PM,8:00 AM,10:00 AM,59,Dr. Kumar,Weight Loss
11,DELHI/NCR,AY31,North Avenue (Ayur),"4-MP Flats, North Avenue, New Delhi",3,ayurvedic,23092794,77.19916534,28.618547,6:45 AM,6:45 PM,7:15 AM,9:15 AM,55,Dr. Sharma,Stress
11,DELHI/NCR,AY57,"R.K.Puram-V,(Sec-12)","Qr. 810, 818 – 825, Sector – XII,  R.K. Puram, New Delhi",3,ayurvedic,011-26175146,77.17580414,28.573278,7:30 AM,7:30 PM,8:30 AM,10:30 AM,59,Dr. Reddy,Hypertension
11,DELHI/NCR,AY60,Kingsway Camp Ayurvedic,"CGHS Wellness Centre KWC, New Police Line, Kingsway Camp, Delhi",2,ayurvedic,011-27459411,77.20196533,28.698978,9:00 AM,9:00 PM,10:00 AM,12:00 PM,66,Dr. Kapoor,Asthma
11,DELHI/NCR,AY63,Sadiq Nagar,"CGHS Wellness Centre, Sadiq Nagar Sector-3 (Near G.K. – I), N Delhi",2,ayurvedic,011-24623767,77.22678375,28.554974,8:15 AM,8:15 PM,9:30 AM,11:30 AM,62,Dr. Singh,Back Pain
11,DELHI/NCR,AY76,Kalibari (Ayur),"CGHS Building, Kali bari Marg, New Delhi",2,ayurvedic,23363178,77.20005798,28.629055,7:45 AM,7:45 PM,8:30 AM,10:30 AM,61,Dr. Agarwal,Weight Loss
11,DELHI/NCR,D10,Lodhi Road II,"Block 4-1, 3, 5, 7, Lodhi Road, New Delhi",6,alopathic,24611442,77.22511292,28.58217,6:30 AM,6:30 PM,7:30 AM,9:30 AM,60,Dr. Joshi,Arthritis
11,DELHI/NCR,D12,KIDWAI NAGAR,,10,alopathic,,77.20347595,28.5682,8:00 AM,8:00 PM,9:00 AM,11:00 AM,63,Dr. Mehta,Stress
11,DELHI/NCR,D15,LAXMIBAI NAGAR,"CGHS Wellness Centre, Near Navyug School, Laxmibai Nagar, Ndelhi",6,alopathic,011-26874643,77.20652008,28.575865,7:30 AM,7:30 PM,8:30 AM,10:30 AM,57,Dr. Kumar,Hypertension
11,DELHI/NCR,D3,Delhi Cantt,"Sadar Bazar, Delhi Cantt,Near Geeta Ashram,New Delhi-10",7,alopathic,25692914,77.11991119,28.590773,6:45 AM,6:45 PM,7:15 AM,9:15 AM,64,Dr. Patel,Asthma
11,DELHI/NCR,D33A,Jharoda Kalan,"Delhi Police Training College, Jharoda Kalan, Najafgarh, Delhi-72",5,alopathic,25315364,76.96034241,28.639637,9:30 AM,9:30 PM,10:30 AM,12:30 PM,58,Dr. Agarwal,Back Pain
11,DELHI/NCR,D36A,Dwarka,"Palam Dabri Road,Palam New Delhi-45 (Near Dwaraka Fly over)",9,alopathic,25056722,77.08275604,28.59262,7:00 AM,7:00 PM,8:00 AM,10:00 AM,62,Dr. Singh,Weight Loss
11,DELHI/NCR,D38,West Patel Nagr,"15/23,24 Basement, West Patel Nagar, New Delhi-8",5,alopathic,25882551,77.16700745,28.651194,6:00 AM,6:00 PM,6:30 AM,8:30 AM,59,Dr. Reddy,Stress
11,DELHI/NCR,D39,Andrews Ganj,"D-2, 65 & 66, Andrews Ganj. New Delhi",7,alopathic,011-26257628,77.23143005,28.565308,8:15 AM,8:15 PM,9:00 AM,11:00 AM,61,Dr. Joshi,Hypertension
11,DELHI/NCR,D4,Minto Road,"New Minto Road Hostel, Block-I, Minto Road Complex, N.Delhi",5,alopathic,23234625,77.22707367,28.639399,9:00 AM,9:00 PM,10:00 AM,12:00 PM,65,Dr. Mehta,Asthma
11,DELHI/NCR,D43,"R.K.Puram I,Sec 4","Q.No.817-818,Sector – IV, R.K.Puram, New Delhi",5,alopathic,011-26175132,77.17922974,28.56311,7:30 AM,7:30 PM,8:30 AM,10:30 AM,58,Dr. Agarwal,Arthritis
11,DELHI/NCR,D46,R K PURAM-II,"CGHS Wellness Centre Building, R.K. Puram, Sector – II, New Delhi",6,alopathic,011-26175323,77.1727829,28.564442,6:45 AM,6:45 PM,7:15 AM,9:15 AM,62,Dr. Sharma,Back Pain
11,DELHI/NCR,D52,"RK Puram IV,Sec8","CGHS Wellness Centre Building, Sector -VIII, R.K. Puram, New Delhi",10,alopathic,011-26173988,77.16693115,28.571602,7:00 AM,7:00 PM,8:30 AM,10:30 AM,60,Dr. Kapoor,Stress
11,DELHI/NCR,D59,Rajpur Road,"5, Rajpur Road, Old Police Line, Delhi-54",4,alopathic,011-23973646,77.21626282,28.66859,8:00 AM,8:00 PM,9:00 AM,11:00 AM,64,Dr. Patel,Weight Loss
11,DELHI/NCR,D67,Laxminagar,"CGHS Building, H-Block, ,Laxmi Nagar, Vikas Marg (Near Metro Station) Delhi-110092",12,alopathic,011-22543108 011-22466544,77.27727509,28.630802,6:30 AM,6:30 PM,7:30 AM,9:30 AM,55,Dr. Joshi,Asthma
11,DELHI/NCR,D71,MUNIRKA,"DDA Flat, JNU Campus, Munirka, New Delhi",4,alopathic,011-26741983,77.17024231,28.55014,7:15 AM,7:15 PM,8:00 AM,10:00 AM,59,Dr. Kumar,Stress
11,DELHI/NCR,D75,KALKAJI-II,"Qr. LIG DDA, Flat 38-B, 42-43A, 745A, Kalkaji, New Delhi",5,alopathic,011-26028746,77.25197601,28.531225,6:00 AM,6:00 PM,6:30 AM,8:30 AM,63,Dr. Agarwal,Hypertension
11,DELHI/NCR,D77,Mayur Vihar,"264 A, Mayur Vihar, Pocket-I, Phase-I, Trilok Kunj , Delhi-110091",10,alopathic,011-22751321,77.29402924,28.604736,8:15 AM,8:15 PM,9:30 AM,11:30 AM,58,Dr. Mehta,Back Pain
11,DELHI/NCR,D78,DAKSHINPURI(PUSHP VIHAR),"A-B/ 125,126,127 – Sector-IV , Pusp Vihar, New Delhi",7,alopathic,011-29563193,77.22632599,28.523653,9:30 AM,9:30 PM,10:30 AM,12:30 PM,62,Dr. Singh,Arthritis
11,DELHI/NCR,D81,Pitampura,"Qrtr. No. 421-425 Income Tax Colony, Uttari Pitam Pura, New Delhi-34",6,alopathic,27344481,77.11511993,28.691742,7:00 AM,7:00 PM,8:15 AM,10:15 AM,60,Dr. Joshi,Weight Loss
11,DELHI/NCR,D82,Sunder Vihar,Temporarily shifted to Paschim Vihar Wellness Center,4,alopathic,,77.10273743,28.669186,6:45 AM,6:45 PM,7:30 AM,9:30 AM,61,Dr. Patel,Asthma
11,DELHI/NCR,D84,Yamuna Vihar,"CGHS Wellness Centre, B2 Block, Yamuna Vihar, Delhi 110053",8,alopathic,011-22565516,77.26750946,28.701345,7:30 AM,7:30 PM,8:30 AM,10:30 AM,57,Dr. Sharma,Back Pain
11,DELHI/NCR,D87,Dilshad Garden ,"Pocket-B, Near Sarvodaya Vidyalaya, Dilshad Garden, Delhi-110095",6,alopathic,22596489,77.31359863,28.68036,8:00 AM,8:00 PM,9:00 AM,11:00 AM,64,Dr. Reddy,Stress
11,DELHI/NCR,D93,SUPREME COURT,,20,alopathic,,77.23838043,28.620775,6:30 AM,6:30 PM,7:00 AM,9:00 AM,62,Dr. Kapoor,Weight Loss
11,DELHI/NCR,HO32,South Avenue (Homeo),"B 154, South Avenue, New Delhi",2,homeo,23017698,77.19864655,28.608507,7:15 AM,7:15 PM,8:15 AM,10:15 AM,63,Dr. Joshi,Hypertension
11,DELHI/NCR,HO57,HOMEOPATHIC WC RKP-XII,,3,homeo,,77.17584991,28.573261,9:00 AM,9:00 PM,10:00 AM,12:00 PM,58,Dr. Kumar,Arthritis
11,DELHI/NCR,HO67,Laxmi Nagar Homeopathic,"2nd Floor, CGHS Building Laxmi Nagar, H-Block, Vikas Marg (Near Metro Station),Laxmi Nagar, Delhi-110092",2,homeo,011-22543108/ 22466544,77.27694702,28.630806,6:45 AM,6:45 PM,7:00 AM,9:00 AM,60,Dr. Agarwal,Asthma
11,DELHI/NCR,HO76,Kalibari (Homeo),"CGHS building, Kalibari Marg, New Delhi",3,homeo,23364574,77.20005798,28.629055,7:30 AM,7:30 PM,8:00 AM,10:00 AM,62,Dr. Patel,Weight Loss
11,DELHI/NCR,SA1,SIDHA WC LODHI ROAD,,1,siddha,,77.22452545,28.582287,6:15 AM,6:15 PM,7:15 AM,9:15 AM,61,Dr. Mehta,Stress
135,DHERADUN,DD1,CGHS Milan Vihar Wellness Centre,"20-Navyug Enclave, Indrapuram, Phase-III, Milan Vihar GMS Road Dehradun (Uttarakhand).",2,alopathic,0135-2726820,78.03953552,30.328388,8:15 AM,8:15 PM,9:00 AM,11:00 AM,64,Dr. Sharma,Back Pain
141,JAIPUR,JA2,JANTA COLONY,,2,alopathic,,75.83695221,26.907198,7:45 AM,7:45 PM,8:30 AM,10:30 AM,59,Dr. Joshi,Arthritis
20,PUNE,PU04,Kasba Peth,"Agneya”, 1st FloorPhadke Haud Chowk1422, Kasba PethPune 411 011.",2,alopathic,020-25652045,73.85990143,18.51888,9:30 AM,9:30 PM,10:30 AM,12:30 PM,60,Dr. Singh,Asthma
22,MUMBAI,MU11,Byculla,"Khan Mansion, Flat No.1, 15 Victoria Road Byculla, Mumbai – 400 027",1,alopathic,022–23722150,72.83562469,18.97616,7:00 AM,7:00 PM,8:30 AM,10:30 AM,62,Dr. Patel,Hypertension
22,MUMBAI,MU19,Mulund,"B/2, Type-II P & T. Colony,Mulund(W), Mumbai-400 080",4,alopathic,022–25616267,72.94424438,19.172121,6:45 AM,6:45 PM,7:15 AM,9:15 AM,55,Dr. Agarwal,Stress
22,MUMBAI,MU24,"KUJURMARG, POWAL","Naval Armament Depot campus, Kujurmarg, Powal, Mumbai – 400 078",5,alopathic,022–25784026,72.9233551,19.126501,8:00 AM,8:00 PM,9:30 AM,11:30 AM,61,Dr. Reddy,Weight Loss
22,MUMBAI,MU5,SANTAKRUZ,"Near Airport Colony,Bamanawada,Santacruz(w), Mumbai – 400 029",5,alopathic,022–28210971,72.85727692,19.103624,6:30 AM,6:30 PM,7:00 AM,9:00 AM,59,Dr. Mehta,Asthma
33,KOLKATA,KO14,Lake Town,"P – 112, Kalindi Housing Scheme, Kolkata-700089. (Near Kalindi Bus stop)",3,alopathic,25222137,88.40235901,22.608047,7:15 AM,7:15 PM,8:00 AM,10:00 AM,64,Dr. Kapoor,Back Pain
361,GUWAHATI,GT3,Gotanagar,"H/o Gokul Ch. Deka,H.No-6, P.N.G.B. Road, In front of Guwahati Nursery, Gotanagar,Guwahati-781033",2,alopathic,0361-2670255,91.67494202,26.13751,6:00 AM,6:00 PM,6:30 AM,8:30 AM,63,Dr. Joshi,Stress
361,GUWAHATI,GT6,GUWAHATI HOMEO 1,,3,homeo,,91.78816223,26.146744,9:00 AM,9:00 PM,10:00 AM,12:00 PM,62,Dr. Patel,Hypertension
364,SHILLONG,SH2,Wellness Centre Opp. Raj Bhawan,"Chief Medical Officer Incharge,CGHS Wellness Centre No.2, Opp. Raj Bhawan, Shillong-793001, Meghalaya",3,alopathic,0364-2504451,91.88684082,25.5722,7:30 AM,7:30 PM,8:30 AM,10:30 AM,58,Dr. Kumar,Weight Loss
381,AGARTALA,AG1,Agartala,,2,alopathic,,91.28557587,23.862661,7:45 AM,7:45 PM,8:30 AM,10:30 AM,63,Dr. Mehta,Severe Asthma
40,HYDERABAD,HY10,AG’S Colony,"AG’S Colony, Vikaspuri, Hyderabad",6,alopathic,040-23810449,78.43066406,17.449778,6:00 AM,6:00 PM,7:00 AM,9:00 AM,59,Dr. Reddy,Chronic Hypertension
40,HYDERABAD,HY11,Kakatiyanagar,"Hostel Suite No. 1 to 8, Hostel Complex, GPRA Quarters, Gachibowli, Hyderabad",5,alopathic,040-23002454,78.35646057,17.438862,8:30 AM,8:30 PM,9:30 AM,11:30 AM,61,Dr. Kumar,Heart Disease
44,CHENNAI,CH09,NUNGAMBAKKAM,C&B Block 1st Floor Shastri Bhavan Haddows Rd,4,alopathic,044-23458409,80.24804688,13.066692,7:00 AM,7:00 PM,8:00 AM,10:00 AM,62,Dr. Patel,Stroke
44,CHENNAI,CH11,RA PURAM,No 6 Kamaraj Saalai Ra Puram Chennai ,1,alopathic,044-23458411,80.25968933,13.021473,6:30 AM,6:30 PM,7:30 AM,9:30 AM,64,Dr. Joshi,Severe Back Pain
512,KANPUR,KN2,R. K. NAGAR,"110/58, R.K. Nagar, Kanpur",2,alopathic,0512-2542379,80.31963348,26.470814,9:15 AM,9:15 PM,10:00 AM,12:00 PM,66,Dr. Sharma,Cancer
512,KANPUR,KN9,Ratan Lal Nagar,"Plot No.8-11, Ratan Lal Nagar, Kanpur",10,alopathic,0512-2283399,80.28739166,26.444014,7:00 AM,7:00 PM,8:30 AM,10:30 AM,59,Dr. Agarwal,Severe Anxiety
522,LUCKNOW,LK1,Lucknow 1,,7,alopathic,,80.99488068,26.863432,8:15 AM,8:15 PM,9:15 AM,11:15 AM,55,Dr. Mehta,Parkinson�s Disease
522,LUCKNOW,LK3,Lucknow3,"CPB/G Prem Plaza, Kanpur Road, LDA Colony, Lucknow",5,alopathic,0522-2421992,80.90444183,26.79093,6:45 AM,6:45 PM,7:30 AM,9:30 AM,61,Dr. Reddy,Chronic Kidney Disease
522,LUCKNOW,LK5,Lucknow5,"12-B Mall Avenue, Lucknow 226001",6,alopathic,0522-2235139,80.94749451,26.83356,7:30 AM,7:30 PM,8:30 AM,10:30 AM,60,Dr. Kumar,Respiratory Failure
651,RANCHI,RA1,"NEW AG COLONY, DORANDA","New A.G. Colony Doranda, Ranchi, Jharkhand",4,alopathic,0651-2481901,85.31861115,23.343538,8:00 AM,8:00 PM,9:00 AM,11:00 AM,63,Dr. Patel,Heart Disease
712,NAGPUR,NADT,CHINDWARA ROAD,,1,alopathic,,79.08332062,21.176567,9:00 AM,9:00 PM,10:00 AM,12:00 PM,62,Dr. Sharma,Severe Stroke
712,NAGPUR,NP5,MEDICAL SQUARE,,3,alopathic,,79.09701538,21.131998,6:00 AM,6:00 PM,7:15 AM,9:15 AM,60,Dr. Joshi,Chronic Back Pain
712,NAGPUR,NP6,SHANKAR NAGAR,"Himalaya Meridian Aptt, Opp LAD College, Shivaji Nagar, Nagpur-440010",3,alopathic,0712-2249781,79.05664825,21.134077,7:45 AM,7:45 PM,8:30 AM,10:30 AM,58,Dr. Mehta,Asthma
79,AHMEDABAD,AH03,Navrangpura,"1, Jeevan Prakash Society, Nr. St. Xaviers High School Road Nr Darpan Six Road,Navrangpura",2,alopathic,079 26430021,0,0,8:30 AM,8:30 PM,9:30 AM,11:30 AM,59,Dr. Agarwal,Diabetes
79,AHMEDABAD,AH08,Laldarwaja,"GPO Compound, Laldarwaj, Mirzapur,Ahmedabad",4,alopathic,079 25506622,72.58381653,23.027882,7:15 AM,7:15 PM,8:30 AM,10:30 AM,60,Dr. Singh,Severe Hypertension
80,BENGALURU,BA05,Wellness Center Vijayanagara,"GPRA Quarters, Vijayanagara, Bangalore 5600",3,alopathic,080 23351893,77.53996277,12.973906,6:30 AM,6:30 PM,7:30 AM,9:30 AM,55,Dr. Patel,Stroke
80,BENGALURU,BA07,Wellness Center Koramangala,"GPRA Quarters, Koramangala, Bangalore-560034",6,alopathic,080 25539277,77.62081909,12.92536,9:00 AM,9:00 PM,10:00 AM,12:00 PM,62,Dr. Reddy,Cancer
80,BENGALURU,BA08,Wellness Center Domlur,GPRA Quarters Domlur 560071,4,alopathic,080 25355662,77.64233398,12.959418,7:45 AM,7:45 PM,8:15 AM,10:15 AM,61,Dr. Agarwal,Parkinson�s Disease
80,BENGALURU,BA11,CGHS Polyclinic,"3rd Floor, Ganesh Towers, Infantry Road, Bangalore 560001",6,alopathic,080 25589225,77.62081909,12.92536,7:30 AM,7:30 PM,8:30 AM,10:30 AM,63,Dr. Joshi,Severe Asthma
80,BENGALURU,BA12,KA AYUR1 BASAVANAGUDI,,1,ayurvedic,,77.54707336,12.934715,6:45 AM,6:45 PM,7:00 AM,9:00 AM,58,Dr. Sharma,Chronic Back Pain
80,BENGALURU,BA13,KA AYUR2 DOMLUR,,3,ayurvedic,,77.64003754,12.960297,8:00 AM,8:00 PM,9:30 AM,11:30 AM,62,Dr. Patel,Heart Disease
80,BENGALURU,BA14,KA HOMOEO SHIVAJINAGAR,,2,homeo,,77.60323334,12.980467,7:15 AM,7:15 PM,8:30 AM,10:30 AM,59,Dr. Singh,Severe Anxiety
80,BENGALURU,BA15,KA UNANI SHIVAJINAGAR,,1,unani,,77.603302,12.980249,6:00 AM,6:00 PM,7:30 AM,9:30 AM,64,Dr. Joshi,Respiratory Failure
891,VISAKHAPATNAM,HYV,VISAKHAPATNAM,,4,alopathic,,83.33178711,17.728617,7:00 AM,7:00 PM,8:00 AM,10:00 AM,60,Dr. Kumar,Cancer
11,DELHI/NCR,AY61,Janak Puri-I (Ayurvedic),"C-4A, Janak Puri ,Besides Janakpuri Superspeciality Hospital, New Delhi-58",2,ayurvedic,25534868,77.08933258,28.621658,9:15 AM,9:15 PM,10:15 AM,12:15 PM,55,Dr. Reddy,Stroke
11,DELHI/NCR,AY73,AYURVEDIC WC GURGAON SEC-5,"409 / Sector-5, Gurgaon",3,ayurvedic,0124-4064496,77.02024841,28.48208,7:30 AM,7:30 PM,8:30 AM,10:30 AM,63,Dr. Mehta,Diabetes
11,DELHI/NCR,AY80,Paschim Vihar (Ayurvedic),"Near Tagore Garden Bus Stand, Delhi-27",3,ayurvedic,25171213,77.11227417,28.645285,6:45 AM,6:45 PM,7:30 AM,9:30 AM,58,Dr. Sharma,Severe Hypertension
11,DELHI/NCR,D1,Gole Market,"CGHS Building, DIZ Area-II, Gole Market, New Delhi",6,alopathic,23743810,77.2027359,28.634432,8:15 AM,8:15 PM,9:30 AM,11:30 AM,61,Dr. Singh,Parkinson�s Disease
11,DELHI/NCR,D11,LAJPATNAGAR,"CGHS Disp. Building, Lajpat Nagar Market, New Delhi.",4,alopathic,011-29816439,77.23910522,28.572266,7:00 AM,7:00 PM,8:30 AM,10:30 AM,62,Dr. Joshi,Stroke
11,DELHI/NCR,D18,Pusa Road,"CGHS Lab & Polyclinic No. 1,23-Pusa Road, New Delhi-5",5,alopathic,"28758071, 28754318",77.18953705,28.644466,7:45 AM,7:45 PM,9:00 AM,11:00 AM,64,Dr. Patel,Severe Asthma
11,DELHI/NCR,D19,Dev Nagar,"Double Storey Qtrs.No.107,109,111,Block No.12, Opp Mother Dairy, Karol Bagh, Dev Nagar, New Delhi-5",4,alopathic,25860275,77.18402863,28.654448,6:30 AM,6:30 PM,7:15 AM,9:15 AM,55,Dr. Agarwal,Respiratory Failure
11,DELHI/NCR,D2,Pandara Road,"D-II/365-367, Pandara Road, New Delhi",4,alopathic,23385040 23073054,77.22740173,28.602995,8:00 AM,8:00 PM,9:00 AM,11:00 AM,60,Dr. Singh,Heart Disease
11,DELHI/NCR,D23,Chanakya Puri,"D-II/257, 259, Vinay Marg, New Delhi",12,alopathic,24673777 24122518,77.20863342,28.569805,6:45 AM,6:45 PM,7:30 AM,9:30 AM,63,Dr. Kumar,Chronic Back Pain
11,DELHI/NCR,D29,Nanak Pura,"CGHS Wellness Centre Building, Nanakpura, New Delhi",5,alopathic,011-24670444,77.16872406,28.58163,7:15 AM,7:15 PM,8:30 AM,10:30 AM,58,Dr. Joshi,Severe Anxiety
11,DELHI/NCR,D31,North Avenue,"31, North Avenue, New Delhi-1",8,alopathic,23094420,77.19965363,28.622715,9:00 AM,9:00 PM,10:30 AM,12:30 PM,61,Dr. Mehta,Stroke
11,DELHI/NCR,D32,South Avenue,"153, South Avenue , New Delhi-11",7,alopathic,23013490,77.19973755,28.60824,7:00 AM,7:00 PM,8:30 AM,10:30 AM,60,Dr. Patel,Chronic Hypertension
11,DELHI/NCR,D34,Telegraph Lane,"18-E, Telegraph Lane, New Delhi",4,alopathic,23326601 23318949,77.22183228,28.621157,8:15 AM,8:15 PM,9:00 AM,11:00 AM,63,Dr. Sharma,Asthma
11,DELHI/NCR,D40,Jangpura,"Q.No.46, 48, 50, 52, 56, Block No. 8, Jangpura, New Delhi",4,alopathic,011-24312213,77.24533081,28.582262,7:30 AM,7:30 PM,8:30 AM,10:30 AM,62,Dr. Reddy,Severe Back Pain
11,DELHI/NCR,D47,HAUZ KHAS,"CGHS Wellness Centre Building, Safdarjung Dev Area, N. Delhi.",8,alopathic,011-26567844,77.20210266,28.55045,6:45 AM,6:45 PM,7:15 AM,9:15 AM,64,Dr. Kumar,Heart Disease
11,DELHI/NCR,D56,GKG WC ,"F3/23,Krishna Nagar(Near Vijay Chowk),Delhi-51",4,alopathic,011-22512866,77.2840271,28.65882,8:00 AM,8:00 PM,9:00 AM,11:00 AM,61,Dr. Joshi,Stroke
11,DELHI/NCR,D57,"RK Puram V,Sec12","Qr. 810, 818 – 825, Sector – XII,  R.K. Puram, New Delhi",5,alopathic,011-26170472,77.17582703,28.57319,7:45 AM,7:45 PM,9:00 AM,11:00 AM,60,Dr. Agarwal,Severe Anxiety
11,DELHI/NCR,D6,Subzi Mandi,"A 517, Shastri Nagar, Delhi110052",3,alopathic,011-23655272,77.1829834,28.67464,9:00 AM,9:00 PM,10:00 AM,12:00 PM,55,Dr. Mehta,Respiratory Failure
11,DELHI/NCR,D61,Janakpuri-I,"C-4A, Janak Puri, Near Janakpuri Superspeciality Hospital, N. Delhi-58",12,alopathic,25551434,77.08933258,28.621658,7:15 AM,7:15 PM,8:15 AM,10:15 AM,62,Dr. Sharma,Chronic Kidney Disease
11,DELHI/NCR,D62,Ashok Vihar,"D-Block Phase-I, Ashok Vihar, New Delhi-52",5,alopathic,27242028,77.16370392,28.693634,8:30 AM,8:30 PM,9:30 AM,11:30 AM,63,Dr. Reddy,Cancer
11,DELHI/NCR,D68,Ghaziabad,"CGHS Building, Kamla Nehru Nagar, Ghaziabad, UP-201002",10,alopathic,0120-2789969,77.46369171,28.68051,7:00 AM,7:00 PM,8:00 AM,10:00 AM,59,Dr. Joshi,Parkinson�s Disease
11,DELHI/NCR,D69,"RK Puram VI,Sec 3","Qr. No. 833,837,839, Qr. No. 817, Sector –3, R.K. Puram, New Delhi",4,alopathic,011-26173911,77.17902374,28.55421,6:30 AM,6:30 PM,7:30 AM,9:30 AM,58,Dr. Patel,Severe Asthma
11,DELHI/NCR,D7,Timarpur,"CGHS Hospital/ Wellness Cenre , Lucknow Road,Timarpur, Delhi-54",7,alopathic,011-23813808,77.22129059,28.706646,9:15 AM,9:15 PM,10:15 AM,12:15 PM,62,Dr. Kumar,Diabetes
11,DELHI/NCR,D73,GURGAON,"409 / Sector-5, Gurgaon",10,alopathic,0124-4064496,77.02132416,28.482607,8:00 AM,8:00 PM,9:30 AM,11:30 AM,64,Dr. Agarwal,Stroke
11,DELHI/NCR,D85,Noida ,"R 51, Near Modern School, Sector-11, NOIDA, UP-201301.",10,alopathic,0120-2532312,77.33611298,28.599594,7:45 AM,7:45 PM,8:30 AM,10:30 AM,60,Dr. Sharma,Chronic Hypertension
11,DELHI/NCR,D86,Rohini-7,"Near Doon Public School, Sec-7, Nanakpura, Yadav Market, Delhi-85",6,alopathic,27040169,77.11855316,28.704813,7:00 AM,7:00 PM,8:30 AM,10:30 AM,61,Dr. Joshi,Severe Anxiety
11,DELHI/NCR,D9,"Aliganj,LodiRoad1","CGHS Building, Near Lodhi Road, New Delhi",6,alopathic,24611538,77.21806335,28.580954,6:45 AM,6:45 PM,7:30 AM,9:30 AM,62,Dr. Mehta,Heart Disease
11,DELHI/NCR,D90,SARITA VIHAR,"Plot No 11, Sarita Vihar, Institutional Area, Nr Telephone Exch, Delhi",4,alopathic,011-26940651,77.30066681,28.53862,7:15 AM,7:15 PM,8:15 AM,10:15 AM,63,Dr. Agarwal,Respiratory Failure
11,DELHI/NCR,D91,VASANT KUNJ,"111-A/9, Krishan Garh, Vasant Kunj, Delhi",6,alopathic,011-26123790,77.16953278,28.522001,9:00 AM,9:00 PM,10:30 AM,12:30 PM,58,Dr. Reddy,Parkinson�s Disease
11,DELHI/NCR,D96,Vasant Vihar,"80-C, CPWD Colony, Vasant Vihar,New Delhi",3,alopathic,011-26146573,77.16288757,28.55403,8:30 AM,8:30 PM,9:30 AM,11:30 AM,59,Dr. Patel,Severe Asthma
11,DELHI/NCR,HO42,HOMEOPATHIC WC KALKAJI-I,"CGHS Maternity Centre Building & Disp., Kalkaji, New Delhi",1,homeo,011-26430851,77.26003265,28.5397,6:00 AM,6:00 PM,7:00 AM,9:00 AM,64,Dr. Kumar,Stroke
11,DELHI/NCR,UN13,Sarojini Nagar Unani,"Y-324, Sarojini Nagar, New Delhi-110023",4,unani,011-24673551,77.20131683,28.576881,7:00 AM,7:00 PM,8:30 AM,10:30 AM,60,Dr. Joshi,Cancer
11,DELHI/NCR,UN98,Naraina Vihar (Unani),"C Block, Near Community Center, Naraina Vihar, Delhi-110028",2,unani,25778775,77.14344788,28.624931,8:00 AM,8:00 PM,9:00 AM,11:00 AM,63,Dr. Mehta,Chronic Kidney Disease
121,MEERUT,MR3,Vijay Nagar,"154, Western Kutchery Road, Vijay Nagar, Meerut",3,alopathic,0121-2640074,77.70441437,28.98993,7:30 AM,7:30 PM,8:30 AM,10:30 AM,62,Dr. Sharma,Severe Back Pain
121,MEERUT,MR5,S K Road,"Swasthya Bhawan, S.K. Road, Meerut",7,alopathic,0121-2763159,77.72096252,28.974173,6:30 AM,6:30 PM,7:00 AM,9:00 AM,61,Dr. Agarwal,Diabetes
121,MEERUT,MRA1,AbuLane Meerut,,2,ayurvedic,,77.70223999,28.997238,7:15 AM,7:15 PM,8:30 AM,10:30 AM,58,Dr. Reddy,Asthma
121,MEERUT,MRH3,Vijay Nagar Meerut,,2,homeo,,77.7095871,28.986092,9:00 AM,9:00 PM,10:00 AM,12:00 PM,60,Dr. Patel,Severe Anxiety
141,JAIPUR,JA3,Bajaj Nagar,"A.G.Colony, Bajaj Nagar, Jaipur",5,alopathic,0141-2710084,75.80387878,26.874372,8:30 AM,8:30 PM,9:30 AM,11:30 AM,59,Dr. Joshi,Stroke
141,JAIPUR,JA4,BANI PARK,"D-143/A-2, Kaushalya Path, Basant Marg, Banipark, Jaipur",5,alopathic,0141-2207708,75.78604126,26.926512,7:00 AM,7:00 PM,8:15 AM,10:15 AM,64,Dr. Sharma,Respiratory Failure
141,JAIPUR,JA6,GSI Colony,"G.S.I. Colony, Malviya Nagar, Jaipur",7,alopathic,0141-2755732,75.81828308,26.84535,6:45 AM,6:45 PM,7:30 AM,9:30 AM,61,Dr. Kumar,Chronic Back Pain
191,JAMMU,JT01,Jammu,"Exhibition Ground, Dogra Chowk, Jammu ( J & K)",3,alopathic,0194-2520777,74.85848999,32.72272,7:30 AM,7:30 PM,8:00 AM,10:00 AM,62,Dr. Agarwal,Stroke
20,PUNE,PU02,Phulenagar,"GSI Colony, Phulenagar,Pune-411 006.",4,alopathic,020-26685960,73.82150269,18.551428,9:00 AM,9:00 PM,10:30 AM,12:30 PM,63,Dr. Joshi,Heart Disease
20,PUNE,PU06,Range Hills,"Bldg No.296, Range Hills Estate, Range Hills,Pune-411 020.",3,alopathic,020-25819776,73.84120941,18.550385,7:15 AM,7:15 PM,8:15 AM,10:15 AM,60,Dr. Reddy,Severe Asthma
20,PUNE,PUH3,Homeopathic Camp Pune,,2,homeo,,73.87451172,18.504625,8:30 AM,8:30 PM,9:30 AM,11:30 AM,59,Dr. Mehta,Cancer
22,MUMBAI,MU12,Ambarnath,"Old primary School, Ordinance Estate, Ambarnath, Thane 421502",5,alopathic,0251–2600858,73.18596649,19.212654,7:00 AM,7:00 PM,8:30 AM,10:30 AM,61,Dr. Patel,Chronic Hypertension
22,MUMBAI,MU13,CBD Belapur,"Ekta Vihar, Type V, Nerul, Navi Mumbai.",6,alopathic,022–27522287,73.02830505,19.026836,6:30 AM,6:30 PM,7:00 AM,9:00 AM,62,Dr. Kumar,Stroke
22,MUMBAI,MU14,WAKOLA,"P & T Colony, Vakola Mumbai – 400 029",3,alopathic,022–26650366,72.8575592,19.08297,7:45 AM,7:45 PM,9:00 AM,11:00 AM,58,Dr. Agarwal,Respiratory Failure
22,MUMBAI,MU2,Peddar Road,"Income Tax Flats, No. D-1 Pedder Road, Mumbai-400 026",1,alopathic,022–23516680,72.81027985,18.972956,7:30 AM,7:30 PM,8:00 AM,10:00 AM,64,Dr. Sharma,Severe Anxiety
22,MUMBAI,MU3,Worli,"25-C, Sea Face, Opp. Flora Hotel,Thadani Marg, Worli, Mumbai-400 018.",2,alopathic,022–24932909,72.81368256,19.003506,8:00 AM,8:00 PM,9:30 AM,11:30 AM,63,Dr. Reddy,Severe Asthma
22,MUMBAI,MU6,Ghatkopar,"Flat No. 25, Central Govt.Qurts, Ghatkopar, Mumbai – 400 086",7,alopathic,022–25149229,72.9092865,19.090258,6:45 AM,6:45 PM,7:15 AM,9:15 AM,62,Dr. Patel,Chronic Kidney Disease
22,MUMBAI,MU7,WADALA,"C.G.S. Qtrs, Flat 226-227, Type-IV, Wadala, Mumbai-400 031",3,alopathic,022–24124515,72.85579681,19.017803,9:15 AM,9:15 PM,10:30 AM,12:30 PM,61,Dr. Joshi,Stroke
22,MUMBAI,MU8,Koliwada,"Bldg.No.21, Sectior-1, Kane Nagar,Mumbai-400037",8,alopathic,022–24013694,72.86637878,19.029572,7:00 AM,7:00 PM,8:30 AM,10:30 AM,58,Dr. Mehta,Parkinson�s Disease
33,KOLKATA,KO12,Salt Lake AF,"Bidhan Nagar AF Block Sec.-I, Flat No. 209 & 210.Kolkata – 700064",3,alopathic,23374635,88.42153931,22.598293,8:30 AM,8:30 PM,9:30 AM,11:30 AM,64,Dr. Agarwal,Cancer
33,KOLKATA,KO15,Tollygunj,Tollygunge C.G. Qrts. Ground FloorKolkata – 700 040. (Opposite to Malancha Cinema Hall ),5,alopathic,24116059,88.35319519,22.489405,6:00 AM,6:00 PM,7:00 AM,9:00 AM,63,Dr. Kumar,Severe Back Pain
33,KOLKATA,KO3,Doverlane,Flat No. 2/D  Dover Lane Govt. Qrts.  Kolkata – 700029.   (Near Gariahat Police Station),7,alopathic,24619292,88.358078,22.518232,7:30 AM,7:30 PM,8:30 AM,10:30 AM,61,Dr. Reddy,Stroke
33,KOLKATA,KO7,B/ Kalighat,"1 – A, Satish Mukherjee Road, Kolkata-700026. (Opposite to Basushree Cinema Hall, Near Jatin Das Park Metro Station)",2,alopathic,24641852,88.34750366,22.522116,9:00 AM,9:00 PM,10:00 AM,12:00 PM,62,Dr. Patel,Asthma
33,KOLKATA,KO8,Bidhan Sarani,"168, Bidhan Sarani, Kolkata – 700006. (Near Hedua)",3,alopathic,25558034,88.36728668,22.699827,7:15 AM,7:15 PM,8:00 AM,10:00 AM,58,Dr. Mehta,Chronic Kidney Disease
33,KOLKATA,KO9,Mint Colony,"9, Mint Guard House,Kolkata – 700053.(Near India Govt. Mint, Majherhat)",5,alopathic,24010558,88.31976318,22.514448,6:45 AM,6:45 PM,7:30 AM,9:30 AM,60,Dr. Sharma,Parkinson�s Disease
361,GUWAHATI,GT4,Panbazar,"Panbazar,In front of Don Bosco School,Guwahati-781001",4,alopathic,0361-2540551,91.74562073,26.185768,7:00 AM,7:00 PM,8:30 AM,10:30 AM,64,Dr. Kumar,Severe Asthma
364,SHILLONG,SH1,Wellness Centre Laitumkhrah,"Chief Medical Officer Incharge,CGHS Wellness Centre No.1, Laitumkhrah, Shillong-793003, Meghalaya",2,alopathic,0364-2501569,91.90233612,25.567507,8:00 AM,8:00 PM,9:30 AM,11:30 AM,63,Dr. Joshi,Cancer
44,CHENNAI,CH05,GUINDY,Block No 6/1-5 Bcg Staff Quarters Guindy ,3,alopathic,044-23458405,80.22173309,13.010337,7:30 AM,7:30 PM,8:30 AM,10:30 AM,61,Dr. Reddy,Chronic Hypertension
44,CHENNAI,CH06,KK NAGAR,Cpwd Quarters Kk Nagar Chennai 600078,14,alopathic,044-23458406,80.20787811,13.036907,6:30 AM,6:30 PM,7:00 AM,9:00 AM,58,Dr. Mehta,Stroke
44,CHENNAI,CH08,NANDAMBAKKAM,No 16-19 Cda Res Complex Nandambakkam,1,alopathic,044-23458408,80.19511414,13.01473,8:15 AM,8:15 PM,9:30 AM,11:30 AM,59,Dr. Agarwal,Asthma
44,CHENNAI,CH14,VEPERY,"NO 10 Vasu Street , Backside of EGA Theatre .Kilpauk Chennai 600010",1,alopathic,044-23458414,80.24078369,13.079123,9:00 AM,9:00 PM,10:00 AM,12:00 PM,60,Dr. Sharma,Severe Anxiety
512,KANPUR,KN5,Kendranchal,"Gulmohar Vihal, kendranchal Colony,Naubasta, Kanpur",3,alopathic,0512-2618122,80.34269714,26.400698,7:15 AM,7:15 PM,8:00 AM,10:00 AM,62,Dr. Patel,Chronic Back Pain
522,LUCKNOW,LK2,Lucknow2,"Sky Lark Building, Nawal Kishore Road, Lucknow",3,alopathic,0522-2613763,80.95143127,26.886131,6:30 AM,6:30 PM,7:15 AM,9:15 AM,58,Dr. Kumar,Stroke
522,LUCKNOW,LK9,Aishbagh,Aishbagh P&T Dispensary Lucknow,2,alopathic,0522-2251392,80.90119934,26.848011,7:00 AM,7:00 PM,8:15 AM,10:15 AM,64,Dr. Joshi,Respiratory Failure
532,ALLAHABAD,AL05,Kendranchal Colony,,4,alopathic,,81.77735901,25.454859,8:00 AM,8:00 PM,9:30 AM,11:30 AM,61,Dr. Agarwal,Asthma
612,PATNA,PA1,Budhmarg,"Budhmarg, Patna-800001",8,alopathic,0612-2221479,85.13365936,25.607672,6:45 AM,6:45 PM,7:30 AM,9:30 AM,62,Dr. Sharma,Parkinson�s Disease
612,PATNA,PA2,Kankarbagh,"G-3, People's Cooperative Colony, Kankarbagh, Patna-800020",4,alopathic,0612-2351484,85.15351868,25.603031,9:00 AM,9:00 PM,10:00 AM,12:00 PM,63,Dr. Mehta,Chronic Kidney Disease
612,PATNA,PA4,Boring Canal Road,"Krishna Ashram, Plot No. 1091, East Boring Canal Road, Patna-800001",2,alopathic,0612-2532816,85.12309265,25.61814,7:30 AM,7:30 PM,8:00 AM,10:00 AM,60,Dr. Reddy,Severe Back Pain
612,PATNA,PA5,SURYANCHAL BHANDRA GHAT,,4,alopathic,,85.20616913,25.60989,8:30 AM,8:30 PM,9:30 AM,11:30 AM,64,Dr. Patel,Stroke
674,BHUBANESHWAR,BH3,PMG Square,Near PMG Square Bhubaneswar 751001,2,alopathic,0755- 2566977,85.83598328,20.274715,7:15 AM,7:15 PM,8:15 AM,10:15 AM,61,Dr. Joshi,Cancer
712,NAGPUR,NP2A,Seminary Hills,"Swasthya Bhawan, Near TV Tower Seminary Hills Nagpur-440006.",4,alopathic,0712-2511398,79.05751038,21.15836,6:30 AM,6:30 PM,7:30 AM,9:30 AM,58,Dr. Sharma,Severe Anxiety
712,NAGPUR,NP4,Itwari,"Patel Building, Opp Prakash High School, Queta Colony Bus Stop, Lakadganj, Nagpur-440008",2,alopathic,0712- 2564600,79.11899567,21.151142,9:15 AM,9:15 PM,10:30 AM,12:30 PM,63,Dr. Reddy,Respiratory Failure
712,NAGPUR,NP8,Sai Mandir,"Laxman Aptt, Beside Sai Mandir, Wardha Road, Nagpur-440015",4,alopathic,0712- 2226516,79.06977844,21.112846,7:00 AM,7:00 PM,8:00 AM,10:00 AM,60,Dr. Mehta,Stroke
712,NAGPUR,NPA2,AYURVEDIC WC No. 2 NAGPUR,,2,ayurvedic,,79.0574646,21.158367,8:00 AM,8:00 PM,9:00 AM,11:00 AM,62,Dr. Agarwal,Severe Asthma
712,NAGPUR,NPA5,AYURVEDIC WC No. 5 NAGPUR,,2,ayurvedic,,79.09701538,21.131998,7:30 AM,7:30 PM,8:30 AM,10:30 AM,59,Dr. Patel,Stroke
712,NAGPUR,NPH2,HOMEOPATHIC WC No. 2 NAGPUR,,3,homeo,,79.0574646,21.158367,6:45 AM,6:45 PM,7:30 AM,9:30 AM,64,Dr. Joshi,Asthma
712,NAGPUR,NPPO,NAGPUR POLYCLINIC,,6,alopathic,,79.06715393,21.169594,9:30 AM,9:30 PM,10:30 AM,12:30 PM,61,Dr. Kumar,Heart Disease
761,JABALPUR,JB1,JABALPUR 1,,3,alopathic,,79.92443848,23.161173,7:15 AM,7:15 PM,8:30 AM,10:30 AM,62,Dr. Sharma,Parkinson�s Disease
761,JABALPUR,JB5,CGHS WC 5 JABALPUR,,5,alopathic,,80.01100922,23.204065,8:30 AM,8:30 PM,9:00 AM,11:00 AM,60,Dr. Mehta,Stroke
79,AHMEDABAD,AH07,Gandhingar,"Block no 704/2,sector-8 Gandhinagar",2,alopathic,079 23243433,72.64898682,23.210667,7:00 AM,7:00 PM,8:30 AM,10:30 AM,63,Dr. Patel,Respiratory Failure
79,AHMEDABAD,AHA8,AYURVEDIC LALDARWAJA,,3,ayurvedic,,72.56919861,23.035217,9:00 AM,9:00 PM,10:00 AM,12:00 PM,64,Dr. Joshi,Cancer
80,BENGALURU,BA03,Wellness Center Basavangudi,"No 5 A, Aradhya Complex, Vani Vilas Road, Basavangudi Bangalore 560004",3,alopathic,080 2667300,77.54733276,12.935114,6:30 AM,6:30 PM,7:30 AM,9:30 AM,58,Dr. Kumar,Chronic Kidney Disease
80,BENGALURU,BA04,Wellness Center Ulsoor,"No. 27, Car Street, Ulsoor, Bangalore-560008",3,alopathic,080 25510759,77.62536621,12.975879,8:15 AM,8:15 PM,9:30 AM,11:30 AM,62,Dr. Sharma,Severe Back Pain
80,BENGALURU,BA10,Wellness Center CV Raman Nagar DRDO,"DRDO Complex, C.V. Raman Nagar, Bangalore-560093",6,alopathic,080 25243236,77.66238403,12.987225,7:45 AM,7:45 PM,8:00 AM,10:00 AM,60,Dr. Mehta,Asthma
11,DELHI/NCR,999,Virtual Dispensary,NIC CGO COMPLEX,17,alopathic,,0,0,8:00 AM,8:00 PM,9:00 AM,11:00 AM,63,Dr. Reddy,Severe Asthma
11,DELHI/NCR,AY65,AYURVEDIC WC MEHRAULI BADARPUR,"CGHS Wellness Centre Building, Sector – 1, M.B. Road, N. Delhi",3,ayurvedic,011-29564988,77.22093201,28.52314,7:15 AM,7:15 PM,8:15 AM,10:15 AM,59,Dr. Joshi,Stroke
11,DELHI/NCR,AYHO,AYURVEDIC HOSPITAL LODHI ROAD,,1,ayurvedic,,77.2203598,28.582735,6:30 AM,6:30 PM,7:00 AM,9:00 AM,64,Dr. Agarwal,Chronic Back Pain
11,DELHI/NCR,D16,Moti Bagh,"CGHS Wellness Centre, Near Begum Zaidi Market, Moti Bagh, N Delhi",5,alopathic,011-24670333,77.17815399,28.584455,9:00 AM,9:00 PM,10:00 AM,12:00 PM,61,Dr. Patel,Severe Anxiety
11,DELHI/NCR,D27,President Estate,"CGHS Wellness Centre Wing, President Estate, New Delhi",3,alopathic,23094777 23092990,77.19902039,28.6243,8:00 AM,8:00 PM,9:15 AM,11:15 AM,62,Dr. Kumar,Stroke
11,DELHI/NCR,D45,New Rajinder Ngr,"CGHS Wellness Center, Shankar Rd,New Rajinder Nagar, N Delhi-60",6,alopathic,28742850,77.18449402,28.635836,7:30 AM,7:30 PM,8:30 AM,10:30 AM,60,Dr. Sharma,Asthma
11,DELHI/NCR,D50,R K PURAM-III,,6,alopathic,,77.17342377,28.565052,6:45 AM,6:45 PM,7:15 AM,9:15 AM,63,Dr. Mehta,Chronic Kidney Disease
11,DELHI/NCR,D50A,CBI COLONY,"Flat No. 59 B & 59 C,CBI Colony, Vasant Vihar, New Delhi",2,alopathic,011-26141978,77.16330719,28.557566,7:00 AM,7:00 PM,8:30 AM,10:30 AM,59,Dr. Joshi,Stroke
11,DELHI/NCR,D51,CHITRA GUPTA ROAD,,5,alopathic,,77.20821381,28.642258,8:30 AM,8:30 PM,9:00 AM,11:00 AM,64,Dr. Reddy,Severe Back Pain
11,DELHI/NCR,D55,Inderpuri,"647-648, Krishi Kunj, Inderpuri, New Delhi-12",4,alopathic,25836573,77.14614868,28.635563,7:15 AM,7:15 PM,8:30 AM,10:30 AM,60,Dr. Agarwal,Respiratory Failure
11,DELHI/NCR,D60,Kingsway Camp,"CGHS Wellness Centre, New Police Line, Kingsway Camp, Delhi",14,alopathic,011-27459411,77.198349,28.688356,8:00 AM,8:00 PM,9:30 AM,11:30 AM,63,Dr. Patel,Asthma
11,DELHI/NCR,D63,Sadiq Nagar,"CGHS Wellness Centre, Sadiq Nagar Sector-3 (Near G.K. – I), N Delhi",8,alopathic,011-26255516,77.22678375,28.554974,9:00 AM,9:00 PM,10:00 AM,12:00 PM,58,Dr. Mehta,Chronic Back Pain
11,DELHI/NCR,D72,KASTURBA NAGAR-II,"R. 525,526,529, 530, 533 Kasturba Nagar, New Delhi",4,alopathic,011-24622736,77.22894287,28.575907,7:30 AM,7:30 PM,8:15 AM,10:15 AM,62,Dr. Sharma,Severe Anxiety
11,DELHI/NCR,D74,Janakpuri-II,"C-4A, Janak Puri, Near Janakpuri Superspeciality Hospital, N. Delhi-58",4,alopathic,25619345,77.08933258,28.621658,7:00 AM,7:00 PM,8:15 AM,10:15 AM,60,Dr. Joshi,Stroke
11,DELHI/NCR,D8,Chandni Chowk,"Near Moti Cinema, Chandni Chowk, Delhi-6",4,alopathic,23866892,77.23525238,28.657497,8:00 AM,8:00 PM,9:15 AM,11:15 AM,63,Dr. Agarwal,Parkinson�s Disease
11,DELHI/NCR,D80,Paschim Vihar,"Qtr No A1,A2,A8, Pockt-3, Green Apartments,Paschim Vihar, Delhi-63",6,alopathic,25268410,77.10283661,28.669004,9:15 AM,9:15 PM,10:30 AM,12:30 PM,61,Dr. Reddy,Respiratory Failure
11,DELHI/NCR,D83,Pragati Vihar,"C.P.W.D. Complex, Pragati Vihar, New Delhi.",4,alopathic,24361522 24367843,77.23170471,28.588785,7:00 AM,7:00 PM,8:00 AM,10:00 AM,64,Dr. Patel,Stroke
11,DELHI/NCR,D88,Shalimar Bagh,"Pocket-P, Block -B Shalimar Bagh, Delhi-88",5,alopathic,27486048,77.15461731,28.70817,6:45 AM,6:45 PM,7:30 AM,9:30 AM,60,Dr. Sharma,Chronic Kidney Disease
11,DELHI/NCR,D98,Naraina Vihar,"C Block, Near Community Center, Naraina Vihar, New Delhi-110028",5,alopathic,25778775,77.1435318,28.624996,8:30 AM,8:30 PM,9:00 AM,11:00 AM,62,Dr. Joshi,Severe Asthma
11,DELHI/NCR,HO19,Dev Nagar (Homeo),"Block No. 13, Qtr no. 53 and 55,  Dev Nagar Double Storey Quarters, Dev Nagar, New Delhi-5",3,homeo,25758888,77.18417358,28.654589,7:30 AM,7:30 PM,8:30 AM,10:30 AM,59,Dr. Mehta,Stroke
11,DELHI/NCR,HO24,HOMEOPATHIC WC KASTURBA NAGAR-I,"CGHS Polyclinic, Kasturba Nagar, New Delhi",3,homeo,"011-24622867, 24693551",77.2493515,28.565622,9:00 AM,9:00 PM,10:30 AM,12:30 PM,64,Dr. Reddy,Asthma
11,DELHI/NCR,PHA,PHA (ANNEXE),,36,alopathic,,77.20845795,28.6206,7:15 AM,7:15 PM,8:15 AM,10:15 AM,60,Dr. Kumar,Chronic Hypertension
11,DELHI/NCR,UN28,Darya Ganj Unani,"Daryaganj CGHS Wellness Centre, Sir Sayed Ahmed road, post office Wali Gali behind Golcha Cinema Delhi -110002",1,unani,011-23273043,77.23525238,28.657492,8:00 AM,8:00 PM,9:30 AM,11:30 AM,63,Dr. Agarwal,Stroke
11,DELHI/NCR,UN32,South Avenue (Unani),"31 MP Flats, South Avenue New Delhi",2,unani,23015125,77.19973755,28.60824,6:30 AM,6:30 PM,7:00 AM,9:00 AM,58,Dr. Patel,Severe Anxiety
121,MEERUT,MR1,Abu Lane,"171/V, Abu Lane, Meerut Cantt.",4,alopathic,0121-2661739,77.70230865,28.997236,9:00 AM,9:00 PM,10:30 AM,12:30 PM,64,Dr. Joshi,Severe Anxiety
121,MEERUT,MR4,Kanker Khera,"Shradhapuri, Kanker Khera, Meerut Cantt.",4,alopathic,0121-2556394,77.68421173,29.030275,7:30 AM,7:30 PM,8:00 AM,10:00 AM,61,Dr. Sharma,Chronic Back Pain
172,CHANDIGARH,CG1,Chandigarh,"Old U.T., Polyclinic Building, Sector 45C,Chandigarh 160046",3,alopathic,0172-2630692,76.76093292,30.70427,6:45 AM,6:45 PM,7:15 AM,9:15 AM,60,Dr. Mehta,Stroke
177,SHIMLA,SL1,SHIMLA,,3,alopathic,,77.14741516,31.103388,7:00 AM,7:00 PM,8:30 AM,10:30 AM,63,Dr. Patel,Asthma
20,PUNE,PU07,Mukundnagar,"Ground Floor, Swasthya Sadan, Mukundnagar, Pune-411 037.",6,alopathic,020-24266402,72.85643005,19.017027,8:00 AM,8:00 PM,9:00 AM,11:00 AM,58,Dr. Kumar,Parkinson's Disease
20,PUNE,PU10,PUNE Polyclinic,,9,alopathic,,73.85936737,18.494251,6:30 AM,6:30 PM,7:00 AM,9:00 AM,64,Dr. Sharma,Cancer
20,PUNE,PUA7,Ayurvedic Mukund Nagar,,2,ayurvedic,,73.85716248,18.493698,9:00 AM,9:00 PM,10:00 AM,12:00 PM,61,Dr. Reddy,Chronic Kidney Disease
20,PUNE,PUH5,Homeopathic Boys battalion Pune,,1,homeo,,73.81980896,18.551321,7:00 AM,7:00 PM,8:30 AM,10:30 AM,59,Dr. Joshi,Stroke
22,MUMBAI,MU22,"Sheikh Mistry, Koliwada","Shaikh Mistry, S.M. Plot, Kolowada,Mumbai-400 037",8,alopathic,022–24015758,72.86833191,19.02878,8:30 AM,8:30 PM,9:15 AM,11:15 AM,62,Dr. Agarwal,Severe Asthma
22,MUMBAI,MU23,Parel,"Govt. Mint Colony, Bldg No.20 Flat No. 41-43, Saibaba Marg, Mint Staff Qtrs, Parel, Mumbai – 400 012",2,alopathic,022–24187276,72.84323883,18.99578,7:30 AM,7:30 PM,8:00 AM,10:00 AM,64,Dr. Patel,Respiratory Failure
22,MUMBAI,MU28,Juhu,"Telecom Complex, Juhu Tara Road, Santacruz(W),  Mumbai.",5,alopathic,022–26601744,72.85726929,19.103073,9:15 AM,9:15 PM,10:30 AM,12:30 PM,63,Dr. Sharma,Stroke
33,KOLKATA,KO10,BBD Bag,"5, Esplanade East (Ground Floor),Kolkata 700069. (Opposite to CTC tram Depot, Esplanade)",6,alopathic,22622030,88.3498764,22.566198,6:45 AM,6:45 PM,7:30 AM,9:30 AM,61,Dr. Kumar,Chronic Hypertension
33,KOLKATA,KO11,Santagachi,"Govt. of India Press Colony,Santragachi, Howrah-711321.(Near Jagacha Police Station)",3,alopathic,26571526,88.28018188,22.593863,7:00 AM,7:00 PM,8:00 AM,10:00 AM,60,Dr. Mehta,Asthma
33,KOLKATA,KO17,Kudghat,"51 – A, Gangapuri, Purbaputiari,  Kolkata 7000 93. (Near Kudghat Bazar)",5,alopathic,24311328,88.34709167,22.479055,8:15 AM,8:15 PM,9:30 AM,11:30 AM,63,Dr. Joshi,Respiratory Failure
33,KOLKATA,KO6,Regent Estate,"102, Regent Estate,Kolkata – 700092.(Near sulekha bus stand)",4,alopathic,24125528,88.39987183,22.51736,7:15 AM,7:15 PM,8:30 AM,10:30 AM,64,Dr. Agarwal,Stroke
389,AIZWAL,AZ1,AiZwal,,1,alopathic,,92.71346283,23.721273,8:00 AM,8:00 PM,9:15 AM,11:15 AM,59,Dr. Reddy,Parkinson's Disease
40,HYDERABAD,HY13,Tarnaka,"Street No.5, Tarnaka, Secunderabad-500017",5,alopathic,040-27019223,78.55856323,17.402079,6:30 AM,6:30 PM,7:30 AM,9:30 AM,62,Dr. Patel,Chronic Back Pain
40,HYDERABAD,HY6,Kachiguda,"Kendriya Sadan, Sultan Bazar Koti, Hyderabad-500095",4,alopathic,040-2473901,78.48794556,17.386848,7:45 AM,7:45 PM,8:30 AM,10:30 AM,60,Dr. Sharma,Severe Back Pain
44,CHENNAI,CH01,ADYAR,26th Cross Street Cpwd Qtrs Indira Nagar Adyar,3,alopathic,044-23458401,80.25343323,12.991768,9:30 AM,9:30 PM,10:45 AM,12:45 PM,63,Dr. Kumar,Asthma
44,CHENNAI,CH02,ANNA NAGAR,Central Revenue Qtr No 15 Ranganathan Garden Anna Nagar,12,alopathic,044-23458402,80.20435333,13.088988,7:30 AM,7:30 PM,8:15 AM,10:15 AM,58,Dr. Mehta,Stroke
44,CHENNAI,CH10,PERAMBUR,"No 1, SRP KOIL STREET, AGARAM JUNCTION, PERAMBUR, CHENNAI",4,alopathic,,80.23166656,13.116081,9:00 AM,9:00 PM,10:00 AM,12:00 PM,64,Dr. Reddy,Respiratory Failure
44,CHENNAI,CH12,ROYAPURAM,"No 108,109 Mannar Swami Koil St Royapuram",3,alopathic,044-23458412,80.29465485,13.101272,6:45 AM,6:45 PM,7:00 AM,9:00 AM,63,Dr. Agarwal,Severe Asthma
44,CHENNAI,CH13,TRIPLICANE,No 54 Akbar Sahib St Triplicane Chennai ,2,alopathic,044-23458413,80.28663635,13.069741,7:00 AM,7:00 PM,8:30 AM,10:30 AM,59,Dr. Patel,Chronic Kidney Disease
471,TRIVANDRUM,TR3,Vanchiyoor," TC 25/2893, Dharmadasham Lane, Vanchiyoor, Trivandrum 695035",3,alopathic, 0471-2471143,76.94612122,8.533302,8:30 AM,8:30 PM,9:00 AM,11:00 AM,62,Dr. Sharma,Parkinson�s Disease
512,KANPUR,KN1,Saket Nagar,"127/924, W-1, Saket Ngr, (Near Sushila Nursing Home), Kanpur",3,alopathic,0512-2666240,80.31765747,26.435453,9:15 AM,9:15 PM,10:30 AM,12:30 PM,60,Dr. Joshi,Stroke
512,KANPUR,KN8,Azad Nagar,"A/186, Azadnagar, Kanpur",2,alopathic,0512-2560272,80.30625916,26.500862,7:15 AM,7:15 PM,8:15 AM,10:15 AM,63,Dr. Reddy,Respiratory Failure
522,LUCKNOW,LK4,Lucknow4,"C-3335, Meena Bakery Road Rajajipuram, Lucknow 226017",3,alopathic,0522-2421931,80.88471985,26.843386,8:00 AM,8:00 PM,9:30 AM,11:30 AM,61,Dr. Mehta,Severe Anxiety
522,LUCKNOW,LK8,PMG Office Hazaratganj,Hazratganj GMT Office Lucknow 226001,3,alopathic,0522-2230077,80.91566467,26.86548,7:45 AM,7:45 PM,8:30 AM,10:30 AM,59,Dr. Agarwal,Asthma
532,ALLAHABAD,AL02,Drummond,"4/6, Drummond, Allahabad",3,alopathic,0532-2624435,81.82738495,25.450512,6:30 AM,6:30 PM,7:15 AM,9:15 AM,64,Dr. Kumar,Stroke
532,ALLAHABAD,ALA1,AYURVEDIC UNIT,,2,ayurvedic,,81.83092499,25.449434,7:00 AM,7:00 PM,8:15 AM,10:15 AM,60,Dr. Sharma,Chronic Kidney Disease
532,ALLAHABAD,ALH1,HOMEO UNIT,,2,homeo,,81.83092499,25.449434,8:30 AM,8:30 PM,9:00 AM,11:00 AM,63,Dr. Joshi,Severe Back Pain
755,BHOPAL,BP1,Jahangirabad,"Central Govt. Health Scheme W.C No. 1, Police ITI Building, Jahangirabad, Bhopal (M.P)-462008",5,alopathic,0755-2765071,77.41622162,23.245274,7:15 AM,7:15 PM,8:00 AM,10:00 AM,62,Dr. Reddy,Parkinson�s Disease
755,BHOPAL,BP2,Vasant Kunj,House No. 2 Vasant Kunj E 8 Arera Colny Near Canara Bank Bhopal MP 462039,4,alopathic,0755- 2566977,77.4347229,23.200207,9:00 AM,9:00 PM,10:00 AM,12:00 PM,58,Dr. Patel,Stroke
761,JABALPUR,JB3,Westland OFK-Extn. Counter of Wellness Centre no. 3,"Qtr. No.MT/2,  TypeV,Westland OFK, Jabalpur",5,alopathic,2430018,79.98557281,23.188099,8:15 AM,8:15 PM,9:30 AM,11:30 AM,64,Dr. Sharma,Severe Asthma
79,AHMEDABAD,AH02,Shahalam,"Block No 34/285 to 289, Govt.F Colony, A. G. Staff  Qtrs, Shalam Tolnaka, Ahmedabad",2,alopathic,079 25393262,72.59152985,22.999426,7:30 AM,7:30 PM,8:00 AM,10:00 AM,61,Dr. Kumar,Respiratory Failure
79,AHMEDABAD,AH10,Bopal,"AG Govt. Quarters,Block No A(1), QuarterSN 1 B/H Sun City, S P ring road, Bopal,Ahmedabad",2,alopathic,02717-243144,72.47691345,23.026167,6:45 AM,6:45 PM,7:00 AM,9:00 AM,62,Dr. Mehta,Stroke
79,AHMEDABAD,AHA7,AYURVEDIC GANDHI NAGAR,,2,ayurvedic,,72.64839935,23.207758,9:15 AM,9:15 PM,10:30 AM,12:30 PM,60,Dr. Joshi,Chronic Back Pain
80,BENGALURU,BA02,Wellness Center Seshadripuram,"No.6, Sameera Complex, 1St Main, Seshadripuram, Bangalore 560003",3,alopathic,080 23311492,77.57411194,12.98935,7:00 AM,7:00 PM,8:15 AM,10:15 AM,63,Dr. Patel,Asthma
80,BENGALURU,BA06,Wellness Center Jayanara,"No. 190, R.V. Road, 2nd Block, Jayanagar, Bangalore-560011",4,alopathic,080 26570202,77.5798645,12.941909,8:00 AM,8:00 PM,9:30 AM,11:30 AM,64,Dr. Agarwal,Parkinson�s Disease
